HALOID,PMEM,Strength,MEM_MATCH_ID,Rank
8144758,20.5906620026,0.927507638931,1014,1
8144763,0.920973777771,0.0414853207767,1014,2
9074358,0.654310822487,0.0294734723866,1014,3
8755168,0.0340447202325,0.00153354660142,1014,4
