HALOID,PMEM,Strength,MEM_MATCH_ID,Rank
10331299,19.6737422943,0.808275222778,1021,1
10331281,2.3162958622,0.0951626002789,1021,2
10331263,0.898599863052,0.036918040365,1021,3
13434533,0.6917065382,0.0284180417657,1021,4
13448421,0.325300812721,0.0133646447212,1021,5
10334211,0.283572822809,0.0116502940655,1021,6
22638582,0.151184991002,0.00621127802879,1021,7
