HALOID,PMEM,Strength,MEM_MATCH_ID,Rank
27954327,24.8044719696,0.82351154089,1059,1
28037633,1.74184536934,0.0578294843435,1059,2
28037388,1.21608650684,0.0403742231429,1059,3
28044222,0.682712614536,0.0226661432534,1059,4
21677890,0.559081077576,0.0185615606606,1059,5
27992954,0.526279807091,0.0174725558609,1059,6
27954320,0.362073719501,0.0120208924636,1059,7
28048744,0.17918163538,0.00594885274768,1059,8
14640093,0.0486353524029,0.00161469972227,1059,9
