HALOID,PMEM,Strength,MEM_MATCH_ID,Rank
7654995,7.73865556717,0.342339873314,1066,1
7636066,4.12594795227,0.182522207499,1066,2
7658937,3.04895424843,0.134878546,1066,3
7636059,2.60024857521,0.115028865635,1066,4
7959636,2.34633803368,0.103796467185,1066,5
7960955,1.47527980804,0.0652628988028,1066,6
7637111,0.603636205196,0.0267034433782,1066,7
7642736,0.543172955513,0.0240286905318,1066,8
7981966,0.122951976955,0.00543910544366,1066,9
