HALOID,PMEM,Strength,MEM_MATCH_ID,Rank
22673884,26.6066665649,0.838645994663,1132,1
22673885,0.933949351311,0.0294382181019,1132,2
22746449,0.793421983719,0.0250087752938,1132,3
22777774,0.676858842373,0.0213346891105,1132,4
22723056,0.600932478905,0.0189414788038,1132,5
22742831,0.588429510593,0.0185473840684,1132,6
22687625,0.56919926405,0.0179412439466,1132,7
22693077,0.484228432178,0.0152629502118,1132,8
22737087,0.472054839134,0.0148792369291,1132,9
