HALOID,PMEM,Strength,MEM_MATCH_ID,Rank
28632043,23.6588935852,0.957929193974,1137,1
28664473,0.731187522411,0.0296051837504,1137,2
22750983,0.2339232862,0.00947136245668,1137,3
10031949,0.0739523246884,0.00299426913261,1137,4
