HALOID,PMEM,Strength,MEM_MATCH_ID,Rank
15619143,27.7711334229,0.882157087326,1138,1
32558531,1.13991034031,0.0362095423043,1138,2
15643512,1.00989282131,0.0320795029402,1138,3
16593737,0.687984108925,0.0218539908528,1138,4
15619134,0.624427080154,0.0198350846767,1138,5
15619139,0.179053783417,0.005687688943,1138,6
32531186,0.0685351267457,0.00217703566886,1138,7
