HALOID,PMEM,Strength,MEM_MATCH_ID,Rank
32518503,8.80159091949,0.341801464558,1169,1
32517277,7.02603292465,0.272849351168,1169,2
32519540,4.25555276871,0.165260359645,1169,3
17388625,2.04054784775,0.0792427435517,1169,4
32517272,1.50854003429,0.058582726866,1169,5
32519542,1.4529235363,0.0564229115844,1169,6
17402206,0.461442232132,0.0179196726531,1169,7
8334696,0.143572568893,0.00557550508529,1169,8
16455488,0.0603930838406,0.0023453081958,1169,9
