HALOID,PMEM,Strength,MEM_MATCH_ID,Rank
10595761,27.2728462219,0.949568688869,1300,1
23402295,0.830276548862,0.0289080440998,1300,2
10279474,0.618175446987,0.0215232409537,1300,3
