HALOID,PMEM,Strength,MEM_MATCH_ID,Rank
7353071,20.9723968506,0.869715809822,1321,1
7358407,1.67889237404,0.0696229040623,1321,2
7353050,1.12375855446,0.0466017574072,1321,3
7752160,0.183056980371,0.00759128993377,1321,4
15701537,0.134773299098,0.0055889878422,1321,5
7338047,0.0212027486414,0.000879268394783,1321,6
