HALOID,PMEM,Strength,MEM_MATCH_ID,Rank
13030584,13.0899705887,0.452593147755,1327,1
13030554,6.88259124756,0.237969502807,1327,2
13030548,5.81485462189,0.20105189085,1327,3
13036264,1.16983127594,0.0404475815594,1327,4
13030551,0.924460887909,0.0319637581706,1327,5
12715518,0.404249578714,0.0139771588147,1327,6
13030573,0.335254222155,0.0115916049108,1327,7
13357008,0.300944983959,0.0104053439572,1327,8
