HALOID,PMEM,Strength,MEM_MATCH_ID,Rank
33027236,18.8867683411,0.857815206051,1454,1
28650196,1.25082111359,0.0568108521402,1454,2
33058143,0.940648913383,0.0427231900394,1454,3
28654592,0.632322490215,0.0287193581462,1454,4
28672659,0.196301117539,0.0089157698676,1454,5
33056617,0.0475993044674,0.00216190540232,1454,6
29313983,0.0359068773687,0.00163084897213,1454,7
29249052,0.0269243922085,0.00122287485283,1454,8
