HALOID,PMEM,Strength,MEM_MATCH_ID,Rank
7635656,41.9688911438,0.727148532867,146,1
7635658,6.33623361588,0.109780915082,146,2
7635603,4.69882011414,0.0814112573862,146,3
7635614,1.52763128281,0.0264675784856,146,4
7635616,1.36512851715,0.0236520729959,146,5
7635621,0.96845126152,0.0167792830616,146,6
7655891,0.851922035217,0.0147603107616,146,7
