HALOID,PMEM,Strength,MEM_MATCH_ID,Rank
24191543,13.2824401855,0.471612334251,1479,1
24194667,5.9891667366,0.212654069066,1479,2
24220872,3.29906749725,0.117138184607,1479,3
24191546,2.40256381035,0.0853065177798,1479,4
24202103,1.93399977684,0.068669475615,1479,5
24226111,0.552945017815,0.0196331162006,1479,6
23355520,0.332634925842,0.0118106864393,1479,7
24208949,0.254203468561,0.00902586337179,1479,8
25067870,0.116874434054,0.0041497964412,1479,9
