HALOID,PMEM,Strength,MEM_MATCH_ID,Rank
16516242,19.063205719,0.672171473503,1498,1
32523568,4.46069526672,0.157284781337,1498,2
16546448,1.93125724792,0.068096421659,1498,3
16557035,0.975487649441,0.034395840019,1498,4
16607667,0.567522466183,0.0200109276921,1498,5
16499269,0.524660944939,0.0184996239841,1498,6
16525253,0.374607533216,0.0132087180391,1498,7
32550846,0.276991784573,0.00976677145809,1498,8
5643736,0.186200916767,0.00656547211111,1498,9
