HALOID,PMEM,Strength,MEM_MATCH_ID,Rank
10103976,23.221200943,0.952949345112,1639,1
22766728,0.610574841499,0.0250567104667,1639,2
10104001,0.226161211729,0.00928118173033,1639,3
22761420,0.216991439462,0.00890487339348,1639,4
22778104,0.0927896797657,0.00380789372139,1639,5
