HALOID,PMEM,Strength,MEM_MATCH_ID,Rank
12239594,22.6194877625,0.910214841366,1768,1
12239601,0.699028193951,0.0281290989369,1768,2
21715672,0.664018273354,0.0267202891409,1768,3
21715571,0.52932703495,0.0213002748787,1768,4
21810292,0.160010546446,0.00643887137994,1768,5
12239607,0.0922780334949,0.00371329509653,1768,6
28090688,0.0634338855743,0.00255259824917,1768,7
12206404,0.0231296755373,0.000930744921789,1768,8
