HALOID,PMEM,Strength,MEM_MATCH_ID,Rank
10388125,15.1621351242,0.737829566002,1836,1
10389630,2.256721735,0.109818041325,1836,2
10388110,1.04144787788,0.0506796054542,1836,3
10711699,0.903787136078,0.0439806692302,1836,4
22640723,0.754913032055,0.0367360636592,1836,5
10373528,0.284127920866,0.0138264149427,1836,6
22650289,0.146511226892,0.00712962355465,1836,7
