HALOID,PMEM,Strength,MEM_MATCH_ID,Rank
10670993,42.7510871887,0.933085680008,187,1
10697255,1.63187944889,0.0356174185872,187,2
10356280,0.894037008286,0.0195132605731,187,3
23585190,0.399589508772,0.00872144475579,187,4
10713154,0.0522013753653,0.00113934779074,187,5
22663186,0.0412963740528,0.000901335093658,187,6
23576097,0.0286020431668,0.000624268490355,187,7
11016948,0.0182040575892,0.000397321942728,187,8
