HALOID,PMEM,Strength,MEM_MATCH_ID,Rank
22673641,18.5920372009,0.884779393673,1930,1
23576128,0.659268319607,0.0313740260899,1930,2
22620646,0.638771474361,0.0303985979408,1930,3
23652331,0.610092222691,0.0290337763727,1930,4
23626379,0.459115564823,0.0218489225954,1930,5
23659966,0.0395039021969,0.00187995750457,1930,6
10749978,0.014404727146,0.00068550882861,1930,7
