HALOID,PMEM,Strength,MEM_MATCH_ID,Rank
5132760,6.60646343231,0.359712183475,1937,1
5132942,5.50850009918,0.299929708242,1937,2
5133990,3.74765610695,0.20405434072,1937,3
5132805,1.68769037724,0.0918922498822,1937,4
5136480,0.815660119057,0.0444114916027,1937,5
