HALOID,PMEM,Strength,MEM_MATCH_ID,Rank
12446318,42.9725723267,0.954587221146,200,1
12450413,0.838980972767,0.0186370164156,200,2
12465788,0.759477436543,0.0168709345162,200,3
9712805,0.291578412056,0.00647708587348,200,4
9710829,0.154306322336,0.00342774088494,200,5
