HALOID,PMEM,Strength,MEM_MATCH_ID,Rank
24367153,24.8733177185,0.913283526897,2049,1
24453165,0.677706539631,0.0248836223036,2049,2
24385850,0.594411790371,0.0218252558261,2049,3
24427707,0.391831547022,0.0143870357424,2049,4
24465273,0.380585819483,0.0139741217718,2049,5
24409085,0.171721845865,0.00630517955869,2049,6
24451961,0.112405195832,0.00412722630426,2049,7
25329095,0.0227912086993,0.000836833904032,2049,8
25331285,0.0102708656341,0.000377119460609,2049,9
