HALOID,PMEM,Strength,MEM_MATCH_ID,Rank
32849803,19.5622081757,0.692202150822,2131,1
32851803,3.20672988892,0.113469056785,2131,2
32856901,3.18052124977,0.112541668117,2131,3
32849804,0.892858982086,0.0315935127437,2131,4
32851797,0.518384635448,0.018342865631,2131,5
32925153,0.462435871363,0.0163631364703,2131,6
32804800,0.376311570406,0.013315658085,2131,7
32881049,0.0327248089015,0.00115795631427,2131,8
12767372,0.0286570806056,0.00101402110886,2131,9
