HALOID,PMEM,Strength,MEM_MATCH_ID,Rank
17130025,13.3717870712,0.478003561497,2143,1
17193905,11.3052206039,0.404129654169,2143,2
17196422,0.921947062016,0.0329569987953,2143,3
18136247,0.710982263088,0.0254156049341,2143,4
17140758,0.553669929504,0.0197921339422,2143,5
17185684,0.490560978651,0.0175361670554,2143,6
18070434,0.469442218542,0.0167812313884,2143,7
18070898,0.15063072741,0.00538462260738,2143,8
