HALOID,PMEM,Strength,MEM_MATCH_ID,Rank
11201488,15.9240999222,0.771242380142,2174,1
11201479,1.53658795357,0.074420645833,2174,2
11525318,0.890127778053,0.0431110262871,2174,3
11205541,0.760201871395,0.0368184000254,2174,4
11201467,0.752625584602,0.0364514626563,2174,5
10903930,0.369015216827,0.0178722925484,2174,6
10579469,0.332266658545,0.0160924717784,2174,7
11206128,0.0824093073606,0.00399128068238,2174,8
