HALOID,PMEM,Strength,MEM_MATCH_ID,Rank
16577499,18.2849292755,0.841168582439,2257,1
16649743,1.93079686165,0.088823184371,2257,2
16669379,0.8455991745,0.038900423795,2257,3
16740579,0.329245537519,0.0151464082301,2257,4
16580322,0.205899581313,0.00947207771242,2257,5
16643042,0.0756961330771,0.00348227820359,2257,6
17493884,0.0653659924865,0.00300705689006,2257,7
