HALOID,PMEM,Strength,MEM_MATCH_ID,Rank
12183240,37.4645080566,0.906377911568,229,1
12183229,1.75213420391,0.0423893406987,229,2
12188824,1.05618155003,0.0255521740764,229,3
12187397,0.427037119865,0.0103312982246,229,4
9730862,0.396560370922,0.00959397479892,229,5
12207402,0.237891167402,0.00575529504567,229,6
