HALOID,PMEM,Strength,MEM_MATCH_ID,Rank
17069341,20.2871875763,0.809584200382,2293,1
17143720,3.66578936577,0.14628764987,2293,2
18041651,0.450807631016,0.0179900098592,2293,3
17136650,0.353727757931,0.0141159240156,2293,4
17136651,0.197722733021,0.00789035949856,2293,5
18918584,0.103540539742,0.00413190759718,2293,6
