HALOID,PMEM,Strength,MEM_MATCH_ID,Rank
12803495,52.4398994446,0.88594096899,230,1
12803423,4.27688121796,0.0722553730011,230,2
22667483,0.843945503235,0.0142579581589,230,3
12803497,0.701764404774,0.011855892837,230,4
12808469,0.62968313694,0.0106381224468,230,5
22654513,0.278576344252,0.00470638182014,230,6
22628162,0.0204369593412,0.000345270294929,230,7
