HALOID,PMEM,Strength,MEM_MATCH_ID,Rank
7900373,37.6338195801,0.890022695065,241,1
7900360,1.12387990952,0.0265792496502,241,2
7903669,0.871980965137,0.0206219535321,241,3
7900407,0.84396904707,0.0199594851583,241,4
7905765,0.821097671986,0.0194185860455,241,5
8226624,0.733845412731,0.0173551104963,241,6
7900378,0.123812519014,0.00292810983956,241,7
8225501,0.10778413713,0.00254904595204,241,8
7581706,0.0239256024361,0.000565829628613,241,9
