HALOID,PMEM,Strength,MEM_MATCH_ID,Rank
22734740,20.5485363007,0.909768164158,2459,1
22782325,0.750271499157,0.0332176052034,2459,2
22678919,0.604982256889,0.0267850514501,2459,3
22757726,0.514827907085,0.0227935481817,2459,4
12863250,0.167945355177,0.00743563147262,2459,5
