HALOID,PMEM,Strength,MEM_MATCH_ID,Rank
8163422,23.2884426117,0.80185765028,255,1
8168096,2.13246202469,0.0734240189195,255,2
7866055,1.21367228031,0.0417886413634,255,3
8167992,1.04245495796,0.0358933620155,255,4
17036956,0.649813532829,0.0223741009831,255,5
8470914,0.52999150753,0.0182484388351,255,6
7849623,0.103418186307,0.00356085039675,255,7
7868273,0.0828590914607,0.00285296863876,255,8
