HALOID,PMEM,Strength,MEM_MATCH_ID,Rank
24249935,17.1513805389,0.763490438461,2565,1
24262404,2.25673270226,0.100458025932,2565,2
24266263,1.28224217892,0.0570787675679,2565,3
24252681,0.759065270424,0.0337896458805,2565,4
24282977,0.385708391666,0.0171697363257,2565,5
24275611,0.272435426712,0.0121274115518,2565,6
24281909,0.257472395897,0.0114613352343,2565,7
11542614,0.0720161497593,0.00320578529499,2565,8
23422019,0.0273796226829,0.00121879868675,2565,9
