HALOID,PMEM,Strength,MEM_MATCH_ID,Rank
5131237,32.4040412903,0.919696629047,261,1
5434636,0.980661273003,0.0278332829475,261,2
7548348,0.853650212288,0.0242284350097,261,3
5136002,0.822924554348,0.0233563743532,261,4
5131230,0.172124877572,0.00488527538255,261,5
