HALOID,PMEM,Strength,MEM_MATCH_ID,Rank
22612300,16.0054321289,0.759549677372,2681,1
22612295,1.45654022694,0.069121196866,2681,2
22614951,1.07712721825,0.0511158704758,2681,3
22762683,0.953845024109,0.0452654249966,2681,4
22693446,0.756045401096,0.0358786955476,2681,5
22779718,0.452128410339,0.0214560888708,2681,6
22717478,0.189004480839,0.00896934792399,2681,7
22777993,0.153068095446,0.00726395985112,2681,8
22825444,0.0290742795914,0.00137974147219,2681,9
