HALOID,PMEM,Strength,MEM_MATCH_ID,Rank
10406985,15.7063703537,0.760896980762,2731,1
10429815,1.97532725334,0.0956949666142,2731,2
10487669,0.891793727875,0.0432030521333,2731,3
10411605,0.73928719759,0.0358148552477,2731,4
10087218,0.598965406418,0.029016951099,2731,5
22700826,0.422768950462,0.0204810928553,2731,6
22722446,0.186700493097,0.00904472731054,2731,7
10092069,0.0932724475861,0.00451859505847,2731,8
22694585,0.0274298209697,0.0013288409682,2731,9
