HALOID,PMEM,Strength,MEM_MATCH_ID,Rank
14919560,17.1573410034,0.768536150455,2756,1
14941280,3.19105505943,0.142938300967,2756,2
12504581,1.42438077927,0.0638028979301,2756,3
14924860,0.283215761185,0.0126862050965,2756,4
14919562,0.218520179391,0.00978826824576,2756,5
32911252,0.0501890704036,0.00224814051762,2756,6
