HALOID,PMEM,Strength,MEM_MATCH_ID,Rank
5751264,34.1410140991,0.844055294991,276,1
5751247,4.22990942001,0.10457444191,276,2
5754538,1.26310157776,0.0312271807343,276,3
5754616,0.421802043915,0.0104280514643,276,4
3642682,0.208482533693,0.00515423435718,276,5
6055849,0.121227443218,0.00299706007354,276,6
16997412,0.0295826960355,0.000731361738872,276,7
5754534,0.0177287440747,0.000438301009126,276,8
3640247,0.0159400813282,0.000394080561819,276,9
