HALOID,PMEM,Strength,MEM_MATCH_ID,Rank
22550009,25.3470172882,0.883246541023,2773,1
23448955,2.82849884033,0.0985623598099,2773,2
13088010,0.425912618637,0.0148414252326,2773,3
22577472,0.0687234848738,0.00239475048147,2773,4
33342021,0.0274050626904,0.000954961578827,2773,5
