HALOID,PMEM,Strength,MEM_MATCH_ID,Rank
22673838,18.8449039459,0.73378276825,2776,1
22673837,1.77175116539,0.068988442421,2776,2
22712116,1.43987894058,0.0560659989715,2776,3
22700381,1.09943330288,0.042809728533,2776,4
29165369,1.02797484398,0.0400272794068,2776,5
22717816,0.703345894814,0.0273868795484,2776,6
29160841,0.542016327381,0.0211050286889,2776,7
33044039,0.211559638381,0.00823770835996,2776,8
22721514,0.0409937538207,0.00159621459898,2776,9
