HALOID,PMEM,Strength,MEM_MATCH_ID,Rank
15202418,17.3347568512,0.827188313007,2877,1
32853036,0.75978153944,0.0362556241453,2877,2
32847206,0.710720658302,0.033914513886,2877,3
32889627,0.518796980381,0.0247562061995,2877,4
32822026,0.368293017149,0.0175743848085,2877,5
32818029,0.367873936892,0.0175543874502,2877,6
32847207,0.352972120047,0.0168432947248,2877,7
15202438,0.290611028671,0.0138675179332,2877,8
32884611,0.25243344903,0.0120457420126,2877,9
