HALOID,PMEM,Strength,MEM_MATCH_ID,Rank
23560886,16.0160255432,0.659276723862,2937,1
23560884,5.10830593109,0.210276097059,2937,2
23646666,1.38706684113,0.057096619159,2937,3
23560882,0.685354232788,0.0282116252929,2937,4
23707956,0.503111422062,0.0207098610699,2937,5
23552729,0.351836740971,0.0144828548655,2937,6
23697080,0.196095556021,0.00807199254632,2937,7
22637183,0.0332887098193,0.0013702820288,2937,8
23701768,0.0122414613143,0.000503902207129,2937,9
