HALOID,PMEM,Strength,MEM_MATCH_ID,Rank
7598217,30.6927814484,0.938481807709,297,1
7601607,1.83419728279,0.0560835711658,297,2
7603779,0.15611833334,0.00477357255295,297,3
7922598,0.0216169711202,0.000660974124912,297,4
