HALOID,PMEM,Strength,MEM_MATCH_ID,Rank
22611693,15.5658340454,0.772840797901,2981,1
22617679,2.38796138763,0.118561841547,2981,2
22611688,1.35583102703,0.067316763103,2981,3
22617678,0.422086715698,0.0209565274417,2981,4
23591913,0.21330845356,0.0105907255784,2981,5
29144029,0.104100242257,0.00516855763271,2981,6
12808912,0.0580456107855,0.00288195395842,2981,7
23591897,0.0338921099901,0.00168273702729,2981,8
