HALOID,PMEM,Strength,MEM_MATCH_ID,Rank
8031681,16.1595134735,0.734958648682,2992,1
8033852,2.94245839119,0.133827373385,2992,2
8016432,1.23864674568,0.0563354939222,2992,3
8031689,0.598656117916,0.0272277686745,2992,4
32531477,0.574172377586,0.0261142123491,2992,5
16548236,0.392804384232,0.0178653262556,2992,6
7676572,0.0807160660625,0.00367108662613,2992,7
