HALOID,PMEM,Strength,MEM_MATCH_ID,Rank
8636009,7.75528812408,0.375735104084,3024,1
8335553,5.137591362,0.248910591006,3024,2
17271955,3.93834066391,0.190808221698,3024,3
8319406,1.47706675529,0.0715622454882,3024,4
8318074,0.902089953423,0.0437052547932,3024,5
16526654,0.481972813606,0.023351047188,3024,6
8338668,0.453543007374,0.0219736546278,3024,7
17354678,0.244541823864,0.0118477791548,3024,8
16537675,0.137461230159,0.00665984395891,3024,9
16489527,0.112413957715,0.00544633110985,3024,10
