HALOID,PMEM,Strength,MEM_MATCH_ID,Rank
16945386,16.8486766815,0.727109491825,3337,1
16954102,2.03989839554,0.0880324020982,3337,2
16972195,2.0142326355,0.0869247913361,3337,3
11987067,0.932797074318,0.0402551293373,3337,4
16967431,0.739631414413,0.0319190062582,3337,5
16963649,0.552095413208,0.0238258372992,3337,6
16985631,0.0241055525839,0.00104028207716,3337,7
11979848,0.0206930954009,0.000893016520422,3337,8
