HALOID,PMEM,Strength,MEM_MATCH_ID,Rank
7900406,30.8112125397,0.937082469463,345,1
7900378,0.944664716721,0.0287307351828,345,2
7901935,0.534410297871,0.0162533856928,345,3
8224565,0.3714376688,0.0112967882305,345,4
8225486,0.218210458755,0.00663658417761,345,5
