HALOID,PMEM,Strength,MEM_MATCH_ID,Rank
21709105,22.5824661255,0.932103693485,3464,1
28093854,0.761960327625,0.0314503312111,3464,2
21733079,0.535259962082,0.0220931489021,3464,3
21804418,0.158044427633,0.00652337027714,3464,4
21815594,0.0760524198413,0.00313910539262,3464,5
21790975,0.0686815083027,0.00283486698754,3464,6
21803477,0.0449538752437,0.00185549585149,3464,7
