HALOID,PMEM,Strength,MEM_MATCH_ID,Rank
10123098,35.3698768616,0.937796831131,355,1
10450712,0.862444043159,0.022866839543,355,2
10125629,0.852272927761,0.022597162053,355,3
10109404,0.350748151541,0.00929973553866,355,4
22684381,0.280582636595,0.00743936747313,355,5
