HALOID,PMEM,Strength,MEM_MATCH_ID,Rank
33261382,22.3538951874,0.936275780201,3726,1
23418214,0.719376087189,0.0301305167377,3726,2
33285970,0.645645856857,0.0270423833281,3726,3
33573586,0.111627325416,0.00467542512342,3726,4
33583740,0.0447873584926,0.00187588424888,3726,5
