HALOID,PMEM,Strength,MEM_MATCH_ID,Rank
24130901,21.3026542664,0.871878504753,3734,1
24147829,1.77534520626,0.0726616159081,3734,2
24163224,0.89091861248,0.036463662982,3734,3
24160950,0.358504712582,0.0146729387343,3734,4
24144345,0.0299721844494,0.00122670643032,3734,5
24975928,0.0226496178657,0.000927007233258,3734,6
24162415,0.0212689042091,0.000870497140568,3734,7
24161501,0.0164143405855,0.000671808782499,3734,8
24171285,0.0153267290443,0.000627294881269,3734,9
