HALOID,PMEM,Strength,MEM_MATCH_ID,Rank
10274672,25.0649662018,0.721572577953,374,1
10274667,5.68943023682,0.163787841797,374,2
10274665,2.21084237099,0.0636459365487,374,3
10274654,1.77134513855,0.0509936474264,374,4
