HALOID,PMEM,Strength,MEM_MATCH_ID,Rank
17876698,8.27525138855,0.374587655067,3775,1
17876700,7.95375490189,0.360034793615,3775,2
17876696,3.22588086128,0.146022766829,3775,3
16965980,1.08854973316,0.0492743067443,3775,4
17922941,0.725187778473,0.0328263603151,3775,5
17890697,0.411186546087,0.0186127759516,3775,6
17915202,0.271396368742,0.0122850323096,3775,7
17891838,0.109686516225,0.0049650715664,3775,8
8769047,0.0307338442653,0.00139119860251,3775,9
