HALOID,PMEM,Strength,MEM_MATCH_ID,Rank
10312630,25.849861145,0.88901758194,381,1
10312628,2.2367181778,0.0769242718816,381,2
9996542,0.461043685675,0.0158560220152,381,3
23399885,0.237244069576,0.00815919879824,381,4
9996773,0.162901416421,0.00560243753716,381,5
10318317,0.129114896059,0.00444046547636,381,6
