HALOID,PMEM,Strength,MEM_MATCH_ID,Rank
10350072,29.7391262054,0.894749701023,383,1
10352657,2.34460711479,0.070541292429,383,2
10331866,0.983756244183,0.0295978970826,383,3
10331863,0.0852229893208,0.00256407144479,383,4
10375384,0.0621318258345,0.0018693364691,383,5
22612664,0.022520404309,0.000677562784404,383,6
