HALOID,PMEM,Strength,MEM_MATCH_ID,Rank
24191304,16.4329872131,0.756031692028,3896,1
24214032,1.59307062626,0.0732923299074,3896,2
24201844,1.25418281555,0.0577011331916,3896,3
24208118,0.862654983997,0.039688128978,3896,4
24208119,0.766635298729,0.0352705568075,3896,5
23282079,0.740362882614,0.0340618416667,3896,6
24230868,0.0859476849437,0.00395419122651,3896,7
