HALOID,PMEM,Strength,MEM_MATCH_ID,Rank
15741563,16.64320755,0.800541520119,3997,1
15742554,3.05362963676,0.146880179644,3997,2
15775482,0.772669553757,0.037165556103,3997,3
5019979,0.307635992765,0.0147973513231,3997,4
9830109,0.0127934515476,0.000615367549472,3997,5
