HALOID,PMEM,Strength,MEM_MATCH_ID,Rank
8296370,18.8802928925,0.886042654514,4253,1
8317647,0.762878358364,0.035801500082,4253,2
8638469,0.70935434103,0.0332896448672,4253,3
8321196,0.661159396172,0.031027879566,4253,4
8640272,0.294872790575,0.0138382324949,4253,5
