HALOID,PMEM,Strength,MEM_MATCH_ID,Rank
8144956,22.5855522156,0.856759428978,429,1
8148023,1.88024425507,0.0713251084089,429,2
8144960,1.44922840595,0.0549749732018,429,3
8150821,0.446576982737,0.016940433532,429,4
