HALOID,PMEM,Strength,MEM_MATCH_ID,Rank
23500591,20.8375549316,0.928696513176,4474,1
23578439,0.531760454178,0.0236997120082,4474,2
23577332,0.390242546797,0.0173924863338,4474,3
22634576,0.31683588028,0.0141208684072,4474,4
22640370,0.185700535774,0.00827637594193,4474,5
10691445,0.0898541361094,0.00400465494022,4474,6
22627356,0.0854743644595,0.00380945578218,4474,7
