HALOID,PMEM,Strength,MEM_MATCH_ID,Rank
8163565,20.3432941437,0.576434850693,450,1
8165780,4.65681743622,0.131952658296,450,2
8168700,2.63578605652,0.0746859833598,450,3
8164170,2.17210435867,0.0615473873913,450,4
7867800,1.57279968262,0.0445658676326,450,5
8166222,1.27656519413,0.0361719503999,450,6
7846452,0.97068631649,0.0275047589093,450,7
8165597,0.936096668243,0.0265246480703,450,8
8165781,0.647342860699,0.0183427017182,450,9
8164179,0.0800823271275,0.00226916256361,450,10
