HALOID,PMEM,Strength,MEM_MATCH_ID,Rank
10256257,14.9452266693,0.514052927494,451,1
10256688,4.7693810463,0.164046630263,451,2
10259160,3.40736293793,0.117198944092,451,3
10256261,1.79923784733,0.0618862099946,451,4
10259982,0.980009973049,0.0337082184851,451,5
10258508,0.91819357872,0.0315819941461,451,6
10561099,0.878012061119,0.0301999207586,451,7
10559219,0.700678646564,0.0241003967822,451,8
10261053,0.675220906734,0.0232247579843,451,9
