HALOID,PMEM,Strength,MEM_MATCH_ID,Rank
7635690,30.1385555267,0.895008146763,452,1
5547124,1.08780729771,0.0323040150106,452,2
7938276,0.928153276443,0.0275628585368,452,3
7958661,0.796466708183,0.023652235046,452,4
7635663,0.723076701164,0.0214728116989,452,5
