HALOID,PMEM,Strength,MEM_MATCH_ID,Rank
10047521,24.091468811,0.921343147755,454,1
10089489,1.15069758892,0.0440067537129,454,2
10052658,0.863817572594,0.0330354459584,454,3
10108526,0.042221557349,0.00161470193416,454,4
