HALOID,PMEM,Strength,MEM_MATCH_ID,Rank
7863103,24.7045459747,0.956821680069,468,1
7884669,0.972353160381,0.0376598127186,468,2
7884670,0.14248265326,0.00551843736321,468,3
