HALOID,PMEM,Strength,MEM_MATCH_ID,Rank
8748896,30.2628650665,0.904814124107,475,1
17852752,1.22662723064,0.0366743095219,475,2
8748892,0.651073217392,0.0194661095738,475,3
8753560,0.545374810696,0.016305886209,475,4
17834882,0.430720537901,0.0128778964281,475,5
9055001,0.185895457864,0.00555799435824,475,6
17831504,0.0664131045341,0.00198565190658,475,7
9053130,0.0443144664168,0.00132493593264,475,8
16965422,0.0332127921283,0.000993012567051,475,9
