HALOID,PMEM,Strength,MEM_MATCH_ID,Rank
10293559,11.7765722275,0.458846539259,478,1
10275250,11.5477733612,0.449931919575,478,2
10293545,1.94577229023,0.075812458992,478,3
10275242,0.349580079317,0.0136205684394,478,4
10601889,0.0459034405649,0.00178851990495,478,5
