HALOID,PMEM,Strength,MEM_MATCH_ID,Rank
24131917,16.764673233,0.77416831255,4784,1
23266189,1.79380631447,0.0828353762627,4784,2
24131914,1.10906338692,0.051214940846,4784,3
23266190,0.958748698235,0.0442736260593,4784,4
25012683,0.749606788158,0.0346157550812,4784,5
24176218,0.144071370363,0.00665300711989,4784,6
24164998,0.0930289700627,0.0042959433049,4784,7
24154142,0.0420769490302,0.00194305251352,4784,8
