HALOID,PMEM,Strength,MEM_MATCH_ID,Rank
23378519,19.502374649,0.699356913567,4931,1
23447100,3.42022061348,0.122649416327,4931,2
23453522,2.03039741516,0.0728102326393,4931,3
23486823,1.25367975235,0.0449570678174,4931,4
23402069,0.692164897919,0.0248210951686,4931,5
23458774,0.396887809038,0.0142324324697,4931,6
24317872,0.346349477768,0.012420123443,4931,7
23454294,0.204919353127,0.00734842661768,4931,8
13372089,0.0391580052674,0.00140420964453,4931,9
