HALOID,PMEM,Strength,MEM_MATCH_ID,Rank
10066728,14.2724657059,0.408296525478,500,1
10066939,9.48277950287,0.271276593208,500,2
10069019,3.66837310791,0.104942202568,500,3
10070753,2.82944750786,0.0809428170323,500,4
10066712,2.46646046638,0.0705587416887,500,5
10488564,0.896232783794,0.0256387889385,500,6
10089155,0.548634588718,0.0156949479133,500,7
10088993,0.472118109465,0.0135060185567,500,8
10048682,0.296937853098,0.00849458668381,500,9
10088518,0.0226760562509,0.000648700457532,500,10
