HALOID,PMEM,Strength,MEM_MATCH_ID,Rank
22611512,19.4885921478,0.888897895813,5002,1
22689846,0.770066320896,0.035123642534,5002,2
23654680,0.661831915379,0.0301869418472,5002,3
22611504,0.493430882692,0.0225059706718,5002,4
22650659,0.387402206659,0.0176698751748,5002,5
23653522,0.111501224339,0.00508570345119,5002,6
13125985,0.0116163920611,0.000529837445356,5002,7
