HALOID,PMEM,Strength,MEM_MATCH_ID,Rank
17251806,19.8916664124,0.859751164913,5040,1
17355916,0.738298714161,0.0319105088711,5040,2
17346503,0.691409528255,0.0298838783056,5040,3
17261327,0.676752388477,0.0292503722012,5040,4
16541143,0.480617910624,0.0207731109113,5040,5
16462207,0.293254703283,0.0126749593765,5040,6
16487871,0.253545790911,0.0109586734325,5040,7
17282770,0.0961457416415,0.00415557995439,5040,8
17396385,0.0148488590494,0.000641792546958,5040,9
