HALOID,PMEM,Strength,MEM_MATCH_ID,Rank
11277488,20.5342540741,0.904342114925,5077,1
23474641,0.674454987049,0.0297034438699,5077,2
10980756,0.537643790245,0.0236781872809,5077,3
24414307,0.345587790012,0.0152199147269,5077,4
11300790,0.287027925253,0.0126408999786,5077,5
24344688,0.196496352553,0.00865382980555,5077,6
11280734,0.0921730026603,0.00405935989693,5077,7
10633774,0.0233377832919,0.00102781143505,5077,8
10958433,0.0153106162325,0.000674289651215,5077,9
