HALOID,PMEM,Strength,MEM_MATCH_ID,Rank
13313790,12.1695041656,0.519340097904,5179,1
13637947,3.14860868454,0.134368553758,5179,2
13313778,2.83146953583,0.120834469795,5179,3
13640591,2.23066711426,0.0951949059963,5179,4
24278330,0.776165604591,0.033123280853,5179,5
13319958,0.716887891293,0.0305935721844,5179,6
13318506,0.650034964085,0.0277405884117,5179,7
13637951,0.581501364708,0.0248158816248,5179,8
13641398,0.327792048454,0.0139887006953,5179,9
