HALOID,PMEM,Strength,MEM_MATCH_ID,Rank
22611633,12.0332622528,0.583693981171,5192,1
22626094,3.23308086395,0.156826123595,5192,2
13124557,1.95405101776,0.0947845876217,5192,3
13107454,0.913691103458,0.0443201512098,5192,4
22622510,0.83227699995,0.0403710193932,5192,5
22596362,0.801951825619,0.0389000475407,5192,6
22622512,0.586693882942,0.0284585915506,5192,7
13124553,0.249614536762,0.0121079804376,5192,8
13107385,0.011080657132,0.000537486223038,5192,9
