HALOID,PMEM,Strength,MEM_MATCH_ID,Rank
9690359,25.0024337769,0.883913934231,525,1
9690321,1.78804564476,0.0632129833102,525,2
12448082,0.893726468086,0.0315960161388,525,3
12433273,0.445073962212,0.0157347507775,525,4
12452326,0.135686486959,0.00479693990201,525,5
12431213,0.0210846904665,0.000745409459341,525,6
