HALOID,PMEM,Strength,MEM_MATCH_ID,Rank
5243398,24.267282486,0.770797669888,526,1
5245388,1.85748314857,0.0589989311993,526,2
5248112,1.60010433197,0.0508238486946,526,3
5231897,0.932392716408,0.0296154357493,526,4
5245321,0.880739748478,0.0279747918248,526,5
10521677,0.768868625164,0.024421447888,526,6
5246820,0.659876644611,0.0209595523775,526,7
5584411,0.506013333797,0.0160724185407,526,8
5563792,0.0105726961046,0.000335818796884,526,9
