HALOID,PMEM,Strength,MEM_MATCH_ID,Rank
17878955,11.5097055435,0.565617024899,5271,1
17878957,3.65491247177,0.179611951113,5271,2
17839039,2.74127340317,0.134713336825,5271,3
16949908,0.949378907681,0.0466549620032,5271,4
16962712,0.793398141861,0.0389896593988,5271,5
17875987,0.338155478239,0.0166178438812,5271,6
8770394,0.264822810888,0.0130140846595,5271,7
17899357,0.0972909405828,0.00478113116696,5271,8
