HALOID,PMEM,Strength,MEM_MATCH_ID,Rank
7352949,20.4084949493,0.677735447884,551,1
7352929,3.56845736504,0.118503108621,551,2
7355172,2.53454113007,0.0841683074832,551,3
7352945,1.26835393906,0.04212012887,551,4
7356981,0.843155622482,0.0279999319464,551,5
7678051,0.832319200039,0.0276400707662,551,6
5281864,0.364575833082,0.0121070155874,551,7
15695778,0.282581984997,0.00938412360847,551,8
5300192,0.0102942828089,0.000341857667081,551,9
