HALOID,PMEM,Strength,MEM_MATCH_ID,Rank
7938285,14.3096199036,0.500372648239,553,1
7635705,7.12122964859,0.249012112617,553,2
7938273,3.05622172356,0.10686865449,553,3
7938276,2.66051745415,0.0930318385363,553,4
7941325,0.746487975121,0.0261028725654,553,5
16484513,0.687291800976,0.0240329261869,553,6
16522635,0.0165578853339,0.000578989041969,553,7
