HALOID,PMEM,Strength,MEM_MATCH_ID,Rank
10596700,13.9074888229,0.571912705898,560,1
10596057,4.72476291656,0.194294735789,560,2
10598710,2.20934152603,0.0908539667726,560,3
10907251,0.907409608364,0.037315081805,560,4
24289981,0.899986207485,0.0370098128915,560,5
23343556,0.881001710892,0.0362291187048,560,6
10906355,0.397741436958,0.0163561794907,560,7
10596060,0.226421624422,0.00931105576456,560,8
23350517,0.163347944617,0.00671729911119,560,9
