HALOID,PMEM,Strength,MEM_MATCH_ID,Rank
7353039,23.0685043335,0.946907162666,568,1
7356857,0.836658656597,0.0343428440392,568,2
7355788,0.456787735224,0.0187500473112,568,3
