HALOID,PMEM,Strength,MEM_MATCH_ID,Rank
15465334,15.3965263367,0.820176064968,5697,1
15465289,1.29450273514,0.0689584240317,5697,2
13072249,0.783656299114,0.0417455285788,5697,3
15541825,0.602660775185,0.0321038626134,5697,4
33308267,0.391617447138,0.0208615399897,5697,5
22495602,0.162199258804,0.00864038709551,5697,6
32804697,0.141059651971,0.00751427607611,5697,7
