HALOID,PMEM,Strength,MEM_MATCH_ID,Rank
7580277,20.2728691101,0.683282613754,579,1
7582561,3.32532548904,0.112077727914,579,2
7882546,3.27168631554,0.110269859433,579,3
7580583,1.8667948246,0.0629189908504,579,4
7582563,0.82394939661,0.02777062729,579,5
7905328,0.109191246331,0.00368021335453,579,6
