HALOID,PMEM,Strength,MEM_MATCH_ID,Rank
12803562,34.2763900757,0.872740387917,595,1
12803504,1.27161097527,0.0323775708675,595,2
12803567,1.06937098503,0.0272281654179,595,3
12809575,0.917310118675,0.0233564153314,595,4
22724332,0.83221912384,0.0211898405105,595,5
12842348,0.59800350666,0.0152262765914,595,6
12809183,0.309541910887,0.00788151007146,595,7
