HALOID,PMEM,Strength,MEM_MATCH_ID,Rank
12708723,18.3224449158,0.791119754314,607,1
12708711,2.90535306931,0.125446259975,607,2
12715216,0.980550229549,0.0423378348351,607,3
9975786,0.487703204155,0.0210578683764,607,4
12715242,0.46408957243,0.0200382880867,607,5
