HALOID,PMEM,Strength,MEM_MATCH_ID,Rank
7844064,19.4222640991,0.887952983379,608,1
7844070,1.28677284718,0.0588290728629,608,2
7844523,0.88056576252,0.0402579717338,608,3
8146820,0.283474743366,0.0129599841312,608,4
