HALOID,PMEM,Strength,MEM_MATCH_ID,Rank
7636001,19.4116897583,0.721478939056,613,1
7636824,3.7413392067,0.139055252075,613,2
7635979,2.33570313454,0.0868116393685,613,3
7944394,0.921136856079,0.0342361144722,613,4
7939607,0.243688106537,0.00905721448362,613,5
7637710,0.147611662745,0.00548631791025,613,6
5548271,0.104244343936,0.00387447443791,613,7
