HALOID,PMEM,Strength,MEM_MATCH_ID,Rank
17819404,15.8665027618,0.677137315273,6554,1
17824943,2.96517443657,0.126545235515,6554,2
17826905,1.84264612198,0.0786389112473,6554,3
17853729,1.19193792343,0.0508685298264,6554,4
17847498,0.571952581406,0.0244093127549,6554,5
17826906,0.532816171646,0.0227390825748,6554,6
16966297,0.343364387751,0.0146538177505,6554,7
9054494,0.0894103050232,0.00381577806547,6554,8
17855785,0.0279312580824,0.00119202688802,6554,9
