HALOID,PMEM,Strength,MEM_MATCH_ID,Rank
10633705,20.8229999542,0.802437007427,670,1
10635244,2.80500411987,0.108093887568,670,2
10314398,1.04265868664,0.0401799865067,670,3
10317150,0.915190637112,0.0352678671479,670,4
10316270,0.330400526524,0.0127323437482,670,5
10978604,0.0334471985698,0.00128892424982,670,6
