HALOID,PMEM,Strength,MEM_MATCH_ID,Rank
10293447,19.8270130157,0.718000769615,697,1
10297907,3.7049574852,0.134168580174,697,2
10293423,2.73283410072,0.0989648327231,697,3
10619371,0.821550548077,0.0297510232776,697,4
10616002,0.527838945389,0.0191147681326,697,5
