HALOID,PMEM,Strength,MEM_MATCH_ID,Rank
11296479,29.3296546936,0.844727098942,711,1
23484854,1.0772652626,0.0310264546424,711,2
11300154,1.04680323601,0.0301491133869,711,3
23468442,0.878839969635,0.0253115817904,711,4
23456425,0.839384257793,0.0241752136499,711,5
23536502,0.549269556999,0.0158195830882,711,6
23474249,0.522033751011,0.0150351608172,711,7
24399087,0.380373179913,0.0109551763162,711,8
24404574,0.065078034997,0.0018743207911,711,9
24387199,0.0321666449308,0.000926435634028,711,10
