HALOID,PMEM,Strength,MEM_MATCH_ID,Rank
10595680,19.3439922333,0.649723172188,722,1
10595671,2.45046401024,0.0823058262467,722,2
10595690,1.6868737936,0.0566584691405,722,3
10599803,1.3091981411,0.0439731553197,722,4
10598782,1.30885910988,0.0439617671072,722,5
10277325,0.909949421883,0.0305632464588,722,6
10595682,0.907393276691,0.0304773915559,722,7
10595653,0.894643485546,0.0300491526723,722,8
10600402,0.504466533661,0.0169439464808,722,9
10595669,0.456828027964,0.0153438718989,722,10
