HALOID,PMEM,Strength,MEM_MATCH_ID,Rank
11503360,12.9108114243,0.562139630318,7585,1
11183922,3.35019922256,0.145868420601,7585,2
11503373,1.91505002975,0.0833817049861,7585,3
16983148,1.55213391781,0.0675802603364,7585,4
24209962,0.94855517149,0.041300304234,7585,5
9071447,0.68037623167,0.0296237338334,7585,6
11186930,0.551906704903,0.0240301415324,7585,7
23261728,0.443513095379,0.0193106587976,7585,8
9094025,0.335397154093,0.0146032674238,7585,9
8773721,0.27932497859,0.0121618723497,7585,10
