HALOID,PMEM,Strength,MEM_MATCH_ID,Rank
12427560,25.9217720032,0.940823197365,760,1
12729158,1.58836591244,0.0576492771506,760,2
15469693,0.0420860536397,0.00152750103734,760,3
