HALOID,PMEM,Strength,MEM_MATCH_ID,Rank
10028973,13.8058586121,0.625414133072,764,1
10028963,5.81500244141,0.263423293829,764,2
10028959,2.39801335335,0.108631521463,764,3
10034985,0.0558729581535,0.00253108027391,764,4
