HALOID,PMEM,Strength,MEM_MATCH_ID,Rank
10558418,12.3340539932,0.524650096893,779,1
10558251,6.68799066544,0.284485131502,779,2
10563707,1.82236361504,0.0775173604488,779,3
10558234,1.14794015884,0.048829600215,779,4
10558437,0.930229604244,0.0395689085126,779,5
23286148,0.586526632309,0.0249489154667,779,6
