HALOID,PMEM,Strength,MEM_MATCH_ID,Rank
7956565,20.2914428711,0.879656493664,795,1
7956539,1.1563295126,0.0501281619072,795,2
16559622,0.811171293259,0.0351651720703,795,3
16468215,0.5447499156,0.0236155111343,795,4
16523088,0.200665295124,0.00869906228036,795,5
8301965,0.0494197979569,0.00214240280911,795,6
16512715,0.0136853978038,0.000593277101871,795,7
