HALOID,PMEM,Strength,MEM_MATCH_ID,Rank
17251386,30.4125022888,0.850474596024,827,1
17329490,2.57495975494,0.0720078125596,827,2
17281850,0.842525601387,0.0235609225929,827,3
17272800,0.607864260674,0.0169987026602,827,4
17334773,0.548562943935,0.0153403636068,827,5
17300437,0.337402135134,0.00943532772362,827,6
17257956,0.239972770214,0.00671075144783,827,7
17411478,0.181523874402,0.00507624913007,827,8
17380008,0.0141372093931,0.000395341921831,827,9
