HALOID,PMEM,Strength,MEM_MATCH_ID,Rank
10633730,20.8898353577,0.832675695419,850,1
10615265,1.48207890987,0.0590761527419,850,2
10314917,0.893267452717,0.0356059335172,850,3
13371067,0.593135237694,0.0236425660551,850,4
23445644,0.548440337181,0.0218610111624,850,5
23387550,0.39312505722,0.0156700946391,850,6
23457807,0.150664806366,0.00600554887205,850,7
13394782,0.0931403562427,0.00371260521933,850,8
13374305,0.0439101010561,0.00175027106889,850,9
