HALOID,PMEM,Strength,MEM_MATCH_ID,Rank
17129884,25.5323963165,0.825129210949,855,1
8882403,1.9175593853,0.0619696751237,855,2
17228120,0.965344190598,0.0311969816685,855,3
17156087,0.963024020195,0.031122000888,855,4
8902226,0.837136507034,0.02705370076,855,5
17168281,0.312252640724,0.010091053322,855,6
17203985,0.181566655636,0.00586768100038,855,7
8583730,0.124883174896,0.00403584353626,855,8
8586053,0.109349355102,0.00353383785114,855,9
