HALOID,PMEM,Strength,MEM_MATCH_ID,Rank
7598116,38.7599411011,0.85551148653,86587,1
7598100,4.80245256424,0.105999991298,86587,2
7598139,1.74377059937,0.0384885966778,86587,3
