HALOID,PMEM,Strength,MEM_MATCH_ID,Rank
7844296,7.31053256989,0.312538892031,887,1
7844293,7.17461776733,0.30672827363,887,2
7845899,5.25973415375,0.224863439798,887,3
7845898,0.902504324913,0.038583740592,887,4
7845240,0.877095222473,0.0374974571168,887,5
8146443,0.745476424694,0.0318705067039,887,6
7845800,0.65129417181,0.0278440397233,887,7
7846275,0.469537973404,0.0200736243278,887,8
