HALOID,PMEM,Strength,MEM_MATCH_ID,Rank
10312795,17.372926712,0.80119740963,924,1
10315430,1.64571833611,0.0758965536952,924,2
10335137,0.965226948261,0.0445139370859,924,3
10332012,0.884938895702,0.0408112443984,924,4
10332436,0.591546118259,0.0272806789726,924,5
10334791,0.223345190287,0.0103001408279,924,6
