HALOID,PMEM,Strength,MEM_MATCH_ID,Rank
10974567,21.8829746246,0.712131381035,931,1
13411970,3.66682982445,0.119328588247,931,2
10974572,1.80170238018,0.0586322844028,931,3
10978533,1.02804601192,0.0334554053843,931,4
23453690,0.792817950249,0.0258004460484,931,5
23468416,0.728180408478,0.0236969664693,931,6
10655986,0.450797200203,0.0146701643243,931,7
13408775,0.324004590511,0.0105439880863,931,8
23484779,0.0312233772129,0.001016093418,931,9
23517284,0.022268826142,0.000724687997717,931,10
