HALOID,PMEM,Strength,MEM_MATCH_ID,Rank
9972764,20.3406276703,0.972438573837,954,1
10598757,0.368373572826,0.0176110919565,954,2
9975958,0.208130136132,0.00995022244751,954,3
